Titanic 1997,1
The Notebook 2004,2
Flipped.2010,3
Cairo Time.2009,4
Pride.and.Prejudice.2005,5
Bridget Jones's Diary 2001,6
Gone with the wind.1939,7
If Only 2004,8
City of Angels 1998,9
Jane Eyre 2011,10
Pretty Woman 1990,11
No Reservations 2007,12
Notting Hill 1999,13
Love Actually 2003,14
You've got mail 1998,15
The Holiday 2006,16
The.Lake.House.2006,17
The Age of Innocence 1993,18
The Great Gatsby 2013,19
Sleepless.in.Seattle.1993,20
Shakespeare in love 1998,21
Vicky Cristina Barcelona 2008,22
Four Weddings And A Funeral(1994),23
Forrest Gump (1994),24
Homeless To Harvard 2003,25
The Blind Side 2009,26
Front of the class.2008,27
Good Will Hunting.1997,28
My Left Foot 1989,29
Seabiscuit 2003,30
Remember the Titans 2000,31
We Are Marshall 2006,32
The Great Debaters 2007,33
The King's Speech 2010,34
The Devil Wears Prada 2006,35
The Pursuit Of hapiness 2006,36
The Shawshank Redemption 1994,37
Erin Brockovich.2000,38
Dead Poets Society.1989,39
Oliver Twist 2005,40
The Truman Show 1998,41
Scent of a Woman 1992,42
The Reader 2008,43
The Last Kiss 2006,44
The.English.Patient.1996,45
Invictus 2009,46
In good company 2004,47
Hes Just Not That Into You 2009,48
Big.Fish.2003,49
Cinderella.2015,50
Ella Enchanted.2004,51
Bridge to Terabithia.2007,52
Bicentennial.Man.1999,53
Artificial.Intelligence.2001,54
E T The Extra Terrestrial.1982,55
K-PAX 2001,56
Interstellar.2014.DVDSCR-en,57
The Amazing Spider-Man 2012,58
Accepted.2006,59
Legally Blonde 2001,60
American.Graffiti.1973,61
Mona Lisa Smile 2003,62
Mean Girls 2004,63
The Graduate 1967,64
Pitch Perfect 2012,65
Cheaper.By.the.Dozen.2003,66
Kramer vs Kramer 1979,67
The Parent Trap 1998,68
Labor Day 2013,69
The Family Man 2000,70
Diary of a wimpy kid 2010,71
Diary of a Wimpy Kid 2011,72
Diary.of.a.Wimpy.Kid.2012,73
Kun Fu Panda 3 2016,74
Zootopia 2016,75
Spirited Away.2001,76
Fantastic Mr Fox.2009,77
Harry potter 1,78
Harry potter 2,79
Harry potter 3,80
Harry potter 4,81
Harry potter 5,82
Harry potter 6,83
Harry potter 7,84
Harry potter 8,85
Legends Of The Fall 1994,86
Captain.Phillips.2013,87
Hachi A Dog's Tale.2009,88
The Terminal 2004,89
The Legend Of 1900 [1998],90
The.Wolf.of.Wall.Street.2013,91
Broken Flowers.2005,92
Catch me if you can.2002,93
Pearl Harbor 2001,94
Liar Liar 1997,95
The.Pink.Panther.2.2009,96
The Other Woman 2014,97
American.Beauty.1999,98
Enough.Said.2013,99
The Grand Budapest Hotel 2014,100
The princess Diaries 2001,101
The Pink Panther 2006,102
10 things i hate about you 1999,103
Sydney White 2007,104
An education 2009,105
maleficent 2014,106
Transformers 1 2007,107
Transformers 2 2009,108
Transformers 3 2011,109
Transformers 4 2014,110
the perks of being a wallflower 2012,111
beverly hills chihuahua 1 2008,112
beverly hills chihuahua 2 2011,113
beverly hills chihuahua 3 2012,114
Whiplash 2014,115
Enders Game 2013,116
Alice in wonderland 2010,117
42 2013,118
Captain America 1 2011,119
Captain America 2 2014,120
the art of getting by 2011,121
Garfield 1 2004,122
Garfield 2 2006,123
Ex machina 2015,124
The book thief 2013,125
Ted 2012,126
Win win 2011,127
Alvin and the Chipmunks 1 2007,128
Alvin and the Chipmunks 2 2009,129
Alvin and the Chipmunks 3 2011,130
A christmas carol 2009,131
Boyhood 2014,132
The three musketeers 2011,133
Slumdog Millionaire 2008,134
Spare Parts 2015,135
Paddington 2014,136
Mirror mirror 2012,137
17 again 2009,138
Arthur christmas 2011,139
The fault in our stars 2014,140
Gone girl 2014,141
Coco 2017,142
Song of the Sea 2014,143
Ready Player One 2018,144
The Grinch 2018,145
pokemon pikachu 2019,146
Frozen 2 2019,147
How to Train Your Dragon 1 2010,148
How to Train Your Dragon 2 2014,149
How to Train Your Dragon 3 2019,150
Tangled 2010,151
Wreck It Ralph 1 2012,152
Wreck It Ralph 2 2018,153
Despicable Me 1 2010,154
Despicable Me 2 2013,155
Despicable Me 3 2017,156
Monsters University 2013,157
Kun Fu Panda 2 2011,158
Kun Fu Panda 1 2008,159
Cars 1 2006,160
Cars 2 2011,161
Cars 3 2017,162
Big Hero 6 2014,163
The Good Dinosaur 2015,164
Up 2009,165
Finding Dory 2016,166
The Boss Baby 2017,167
The Secret Life of Pets 1 2016,168
The Little Prince 2015,169
Wall E 2008,170
The Jungle Book 2016,171
Moana 2016,172
The Croods 2013,173
Brave 2012,174
The Adventures of Tintin 2011,175
Sing 2016,176
Incredibles 2 2018,177
Wonder 2017,178
The Christmas Chronicles 2018,179
Fantastic Four 1 2005,180
Fantastic Four 2 2007,181
High School Musical 1 2006,182
High School Musical 2 2007,183
High School Musical 3 2008,184
Night at the Museum 1 2006,185
Night at the Museum 2 2009,186
Night at the Museum 3 2014,187
Everybody s Fine 2009,188
The Titan 2018,189
Underwater 2020,190
50 50 2011,191
Phoebe in Wonderland 2008,192
A Monster Calls 2016,193
Twilight 1 2008,194
Twilight 2 2009,195
Twilight 3 2010,196
Beauty and the Beast 2017,197
We Bought a Zoo 2011,198
Real Steel 2011,199
The Nutcracker and the Four Realms 2018,200
Days of Summer 2009,201
11:14 2003,202
21 Jump Street 2012,203
27 Dresses 2008,204
28 Days Later 2002,205
3 Days to Kill 2014,206
50 First Dates 2004,207
8 Mile 2002,208
88 Minutes 2007,209
A Royal Night Out 2015,210
A Walk Among the Tombstones 2014,211
A Walk in the Woods 2015,212
A Walk to Remember 2002,213
About Time 2013,214
Absolutely Anything 2015,215
American Gangster 2007,216
American Hustle 2013,217
An Education 2009,218
Anna Karenina 2012,219
Argo 2012,220
Batman1 2005,221
Batman2 2008,222
Batman3 2012,223
Before I Go to Sleep 2014,224
Black Swan 2010,225
Black Water 2019,226
Blue Jasmine 2013,227
Blue Valentine 2010,228
Bridesmaids 2011,229
Bridget Jones2 2004,230
Brokeback Mountain 2005,231
Burn After Reading 2009,232
Carnage 2011,233
Casino Royale 2006,234
Chappie 2015,235
Cloud Atlas 2012,236
Cold in July 2014,237
Confessions of a Shopaholic 2009,238
Coraline 2009,239
Django Unchained 2012,240
Elizabeth The Golden Age 2007,241
Everest 2015,242
Forgetting Sarah Marshall 2008,243
Friends with Benefits 2011,244
Girl with a Pearl Earring 2003,245
Gone Girl 2014,246
Gravity 2013,247
Green Lantern 2011,248
Hannah Montana The Movie 2009,249
He's Just Not That Into You 2009,250
Inception 2010,251
Inside Man 2006,252
Jennifer's Body 2009,253
Juno 2007,254
Just Friends 2018,255
Knock 2017,256
Law Abiding Citizen 2009,257
Les Mis¨¦rables 2012,258
Looper 2012,259
Lost in Translation 2003,260
Love Happens 2009,261
Lucky Number Slevin 2006,262
Man on Fire 2001,263
Margin Call 2011,264
Match Point 2005,265
Memoirs of a Geisha 2005,266
Midnight in Paris 2003,267
Moonrise Kingdom 2012,268
Moulin Rouge 2001,269
Munich 2005,270
My Big Fat Greek Wedding2 2016,271
New Year's Eve 2011,272
Oblivion 2013,273
Ocean's Eleven 2001,274
Ocean's Twelve 2004,275
Paul 2011,276
Rendition 2007,277
Runaway Jury 2003,278
Serendipity 2001,279
Serenity 2005,280
Smokin' Aces 2006,281
Smokin' Aces2 2010,282
Taken 2008,283
Taken2 2012,284
The Brave One 2007,285
The Chronicles of Narnia The Lion the Witch and the Wardrobe 2005,286
The Da Vinci Code 2006,287
The Day the Earth Stood Still 2008,288
The Ghost Writer 2010,289
The Girl with the Dragon Tattoo 2011,290
The Help 2011,291
Intouchables 2011,292
The Kite Runner 2007,293
The Matrix Reloaded 2003,294
The Perks of Being a Wallflower 2012,295
The Secret Life of Walter Mitty 2013,296
The Whistleblower 2011,297
Troy the Odyssey 2017,298
Wanted 2008,299
Whatever Works 2009,300
Wicker Park 2004,301
X-Men Origins Wolverine 2009,302
Yes Man 2008,303
Zero Dark Thirty 2012,304
Zodiac 2007,305
Heidi 2015,306
Dangal 2016,307
Fight Club 1999,308
Das Leben der Anderen 2006,309
Detachment 2011,310
King of Comedy 1999,311
King of Comedy2 2019,312
Se7en 1995,313
Jagten 2012,314
Before Sunrise 1995,315
The Sixth Sense 1999,316
Edward Scissorhands 1990,317
Confessions 2010,318
Mary and Max 2009,319
The Imitation Game 2014,320
I Am Sam 2001,321
The Terror Live 2013,322
Three Billboards Outside Ebbing 2017,323
The Coffin in the Mountain 2014,324
Soul 2020,325
Kamakura Diary 2015,326
Hotel Rwanda 2004,327
Bohemian Rhapsody 2018,328
Coherence 2013,329
Hidden Figures 2016,330
Blade Runner 2049 2017,331
Dunkirk 2017,332
The Distinguished Citizen 2016,333
Bad Genius 2017,334
Wolverine 3 2017,335
Get Out 2017,336
Gifted 2017,337
Tschick 2016,338
Hatred 2016,339
Kalinka 2016,340
A Street Cat Named Bob 2016,341
Paddington 2 2017,342
Frantz 2016,343
The Other Side of Hope 2017,344
Going in Style 2017,345
The Big Sick 2017,346
The Party 2017,347
Logan Lucky 2017,348
A Ghost Story 2017,349
Guardians of the Galaxy 2 2017,350
Prometheus 2 2017,351
My Life as a Courgette 2016,352
Passengers 2016,353
Genius 2016,354
Trainspotting2 2017,355
Miss Sloane 2016,356
Ghost in the Shell 2017,357
Life 2017,358
Planet of the Apes 3 2017,359
The Foreigner 2017,360
Murder on the Orient Express 2017,361
Only the Brave 2017,362
Alita 2019,363
Ant-Man 1 2015,364
Aquaman 2018,365
Lady Bird 2017,366
Lazzaro felice 2018,367
Der Hauptmann 2017,368
Perfectos desconocidos 2017,369
One Cut of the Dead 2017,370
The Spy Gone North 2018,371
The Ballad of Buster Scruggs 2018,372
Das schweigende Klassenzimmer 2018,373
Love Simon 2018,374
The Breadwinner 2017,375
The Post 2017,376
The Florida Project 2017,377
The Crimes That Bind 2018,378
Upgrade 2018,379
Roma 2018,380
Le Grand M¨¦chant Renard et autres contes 2017,381
Be with You 2018,382
Forever Young 2018,383
Padman 2018,384
Along With God 2017,385
Secret Superstar 2017,386
Unfriended1 2014,387
Unfriended2 2018,388
Annihilation 2018,389
The Shape of Water 2017,390
Phantom Thread 2017,391
Capernaum 2018,392
Joker 2019,393
Andhadhun 2018,394
Knives Out 2019,395
Nezha Birth of the Demon Child 2019,396
Sheep Without a Shepherd 2019,397
White Snake1 2019,398
White Snake2 2021,399
Parasite 2019,400
Better Days 2019,401
The Lion King 2019,402
Weather Child 2019,403
1917 2019,404
Midway 2019,405
The Irishman 2019,406
Marriage Story 2019,407
The Platform 2019,408
Shazam 2019,409
Jojo Rabbit 2019,410
Extreme Job 2019,411
A Rainy Day in New York 2019,412
John Wick 3 2019,413
Dark Waters 2019,414
ONE PIECE STAMPEDE 2019,415
Jumanji 2 2019,416
EXIT 2019,417
Dumbo 2019,418
Happy Death Day 2 2019,419
Ad Astra 2019,420
Doraemon Nobita s Chronicle of the Moon Exploration 2019,421
Balloon 2019,422
The Farewell 2019,423
Abominable 2019,424
American Factory 2019,425
Miracle in Cell No7 2019,426
Spies in Disguise 2019,427
My Special Brother 2019,428
HELLO WORLD 2019,429
The Eight Hundred 2020,430
TENET 2020,431
Shock Wave 2 2020,432
Persischstunden 2020,433
The Croods2 2020,434
The Father 2020,435
The Invisible Man 2020,436
The Half of It 2020,437
The Call 2020,438
The Reunions 2020,439
Onward 2020,440
Druk 2020,441
Extraction 2020,442
The Trial of the Chicago 7 2020,443
Hamilton 2020,444
The Call of the Wild 2020,445
Promising Young Woman 2020,446
My Octopus Teacher 2020,447
The Social Dilemma 2020,448
Journey to the West 2021,449
Dont Look Up 2021,450
Cruella 2021,451
Finch 2021,452
Black Widow 2021,453
Raya and The Last Dragon 2021,454
Children of Deaf Adults 2021,456
Luca 2021,457
The French Dispatch 2021,458
Red Notice 2021,459
The Power of the Dog 2021,460
The Last Duel 2021,461
Tick Tick Boom 2021,462
Swan Song 2021,463
Jai Bhim 2021,464
The Mitchells vs The Machines 2021,465
Hytti nro 6 2021,466
Aria of the Starless Night 2021,467
Suzume 2022,468
The Bad Guys 2022,469
Fall 2022,470
All Quiet on the Western Front 2022,471
The Outfit 2022,472
Aftersun 2022,473
The Banshees of Inisherin 2022,474
Die Wannseekonferenz 2022,475
Close 2022,476
The Fabelmans 2022,477
T¨¢r 2022,478
Lightyear 2022,479
Enola Holmes 2 2022,480
Superwho 2022,481
Hustle 2022,482
A Man 2022,483
One Fine Morning 2022,484
Emancipation 2022,485
Chang An 2023,486
Deep Sea 2023,487
Monster 2023,488
Robot Dreams 2023,489
Perfect Days 2023,490
Tetris 2023,491
DogMan 2023,492
Extraction 2 2023,493
Napoleon 2023,494
The Covenant 2023,495
No Hard Feelings 2023,496
The Zone of Interest 2023,497
Ballerina 2023,498
Hidden Blade 2023,499
